# HR	designation	proper name
# designations from the Yale BSC5 (bytes 5-14); proper names are a
# curated subset -- a blank third column just means no common name
# is carried here, the designation is still authoritative.
3	33 Psc	
4	86 Peg	
7	10 Cas	
15	Alp And	Alpheratz
21	Bet Cas	Caph
22	87 Peg	
24	Kap Scl	
25	Eps Phe	
26	34 Psc	
27	22 And	
30	Gam Oct	
33	6 Cet	
34	Kap Scl	
35	The Scl	
39	Gam Peg	Algenib
41	23 And	
45	Chi Peg	
48	7 Cet	
50	35 Psc	
59	36 Psc	
63	The And	
68	Sig And	
70	26 And	
74	Iot Cet	
77	Zet Tuc	
80	41 Psc	
82	Rho And	
83	Pi Tuc	
84	Iot Scl	
86	42 Psc	
88	9 Cet	
92	VA 572	
93	12 Cas	
95	47 Tuc	
97	44 Psc	
98	Bet Hyi	
99	Alp Phe	Ankaa
100	Kap Phe	
101	10 Cet	
103	47 Psc	
105	Eta Scl	
106	48 Psc	
114	28 And	
117	12 Cet	
121	13 Cas	
123	Lam Cas	
125	Lam Phe	
126	Bet Tuc	
127	Bet Tuc	
130	Kap Cas	
131	52 Psc	
132	51 Psc	
136	Bet Tuc	
137	16 Cas	
139	The Tuc	
142	13 Cet	
143	14 Cet	
147	Lam Phe	
153	Zet Cas	
154	Pi And	
155	53 Psc	
163	Eps And	
165	Del And	
166	54 Psc	
167	55 Psc	
168	Alp Cas	Schedar
175	32 And	
179	Xi Cas	
180	Mu Phe	
182	31 And	
183	Xi Phe	
184	Pi Cas	
185	Lam Scl	
187	Rho Tuc	
188	Bet Cet	Diphda
191	Eta Phe	
192	21 Cas	
193	Omi Cas	
194	Phi Cet	
195	Lam Scl	
203	18 Cet	
208	23 Cas	
211	57 Psc	
213	58 Psc	
214	59 Psc	
215	Zet And	
216	60 Psc	
217	61 Psc	
219	Eta Cas	
221	62 Psc	
223	Nu Cas	
224	Del Psc	
225	64 Psc	
226	Nu And	
230	65 Psc	
231	65 Psc	
235	Phi Cet	
236	Lam Hyi	
242	Rho Phe	
248	20 Cet	
252	Lam Tuc	
253	Ups Cas	
254	66 Psc	
255	21 Cet	
258	36 And	
262	67 Psc	
264	Gam Cas	
265	Ups Cas	
267	Phi Cet	
269	Mu And	
270	Lam Tuc	
271	Eta And	
274	68 Psc	
279	Phi Cet	
280	Alp Scl	
288	Xi Scl	
290	39 And	
291	Sig Psc	
293	Sig Scl	
294	Eps Psc	
295	Ome Phe	
296	25 Cet	
301	26 Cet	
307	73 Psc	
308	72 Psc	
310	Psi Psc	
311	Psi Psc	
313	77 Psc	
314	77 Psc	
315	27 Cet	
317	28 Cet	
319	75 Psc	
321	Mu Cas	
322	Bet Phe	
324	41 And	
327	78 Psc	
328	Psi Psc	
329	30 Cet	
330	80 Psc	
331	Ups Phe	
332	Iot Tuc	
334	Eta Cet	
335	Phi And	
336	31 Cas	
337	Bet And	
338	Zet Phe	
339	Psi Psc	
340	44 And	
343	The Cas	
345	32 Cas	
346	32 Cet	
347	33 Cet	
348	45 And	
349	82 Psc	
351	Chi Psc	
352	Tau Psc	
353	34 Cet	
360	Phi Psc	
361	Zet Psc	
362	Zet Psc	
364	87 Psc	
366	37 Cet	
367	88 Psc	
368	38 Cet	
370	Nu Phe	
373	39 Cet	
377	Kap Tuc	
378	89 Psc	
382	Phi Cas	
383	Ups Psc	
384	35 Cas	
385	42 Cet	
389	91 Psc	
390	Xi And	
393	43 Cet	
395	47 And	
399	Psi Cas	
401	44 Cet	
402	The Cet	
403	Del Cas	
412	46 Cet	
413	Rho Psc	
414	94 Psc	
417	Ome And	
421	47 Cet	
424	Alp UMi	Polaris
427	38 Cas	
429	Gam Phe	
430	49 And	
432	97 Psc	
433	48 Cet	
434	Mu Psc	
437	Eta Psc	
440	Del Phe	
442	Chi Cas	
451	49 Cet	
455	101 Psc	
456	40 Cas	
458	Ups And	
459	50 Cet	
462	Tau Scl	
463	Pi Psc	
464	51 And	
469	Chi And	
472	Alp Eri	Achernar
475	105 Psc	
477	Tau And	
478	43 Cas	
480	42 Cas	
489	Nu Psc	
491	44 Cas	
493	107 Psc	
496	Phi Per	
497	Pi Scl	
508	109 Psc	
509	Tau Cet	
510	Omi Psc	
514	Eps Scl	
516	Tau Hyi	
522	4 Ari	
530	1 Ari	
531	Chi Cet	
533	1 Per	
536	2 Per	
539	Zet Cet	
542	Eps Cas	
543	55 And	
544	Alp Tri	Mothallah
545	Gam Ari	
546	Gam Ari	
548	Ome Cas	
549	Xi Psc	
550	Tau Hyi	
553	Bet Ari	Sheratan
555	Psi Phe	
557	56 And	
558	Phi Phe	
559	7 Ari	
563	Iot Ari	
565	56 Cet	
566	Chi Eri	
568	3 Per	
569	Lam Ari	
570	Eta Hyi	
575	48 Cas	
580	50 Cas	
581	47 Cas	
582	112 Psc	
583	57 Cet	
585	Ups Cet	
586	52 Cas	
589	53 Cas	
590	4 Per	
591	Alp Hyi	
592	49 Cas	
593	Sig Hyi	
594	Pi For	
595	Alp Psc	
596	Alp Psc	
599	Eps Tri	
602	Chi Phe	
603	Gam And	Almach
604	Gam And	Almach
605	10 Ari	
607	60 Cet	
610	61 Cet	
612	Nu For	
613	Kap Ari	
615	11 Ari	
617	Alp Ari	Hamal
620	58 And	
622	Bet Tri	
623	14 Ari	
627	5 Per	
628	59 And	
629	59 And	
631	15 Ari	
633	16 Ari	
634	5 Tri	
635	64 Cet	
639	63 Cet	
640	55 Cas	
642	6 Tri	
643	60 And	
646	Eta Ari	
648	19 Ari	
649	Xi Cet	
650	66 Cet	
652	Mu For	
655	7 Tri	
656	20 Ari	
657	21 Ari	
660	Del Tri	
661	8 Per	
662	7 Per	
664	Gam Tri	
666	67 Cet	
667	Pi Hyi	
669	The Ari	
670	62 And	
674	Phi Eri	
675	10 Tri	
678	Pi Hyi	
681	Omi Cet	
682	63 And	
685	9 Per	
689	69 Cet	
691	70 Cet	
694	64 And	
695	Kap For	
696	10 Per	
699	65 And	
702	Xi Ari	
704	71 Cet	
705	Del Hyi	
707	Iot Cas	
708	Rho Cet	
709	66 And	
712	11 Tri	
714	Lam Hor	
715	Kap Hyi	
717	12 Tri	
718	Xi Cet	
720	13 Tri	
721	Kap Eri	
724	Phi For	
729	26 Ari	
731	27 Ari	
736	14 Tri	
739	75 Cet	
740	Sig Cet	
741	29 Ari	
744	Lam For	
749	Ome For	
750	15 Tri	
752	77 Cet	
754	Nu Cet	
759	80 Cet	
763	31 Ari	
764	30 Ari	
765	30 Ari	
767	Iot For	
771	81 Cet	
772	Lam For	
773	Nu Ari	
776	Mu Hyi	
777	Iot For	
778	Eta Hor	
779	Del Cet	
781	Eps Cet	
782	33 Ari	
785	11 Per	
788	12 Per	
790	84 Cet	
793	Mu Ari	
794	Iot Eri	
799	The Per	
800	14 Per	
801	35 Ari	
802	Zet Hor	
804	Gam Cet	
806	Eps Hyi	
808	36 Ari	
809	Omi Ari	
810	Iot Hor	
811	Pi Cet	
812	38 Ari	
813	Mu Cet	
818	Tau Eri	
824	39 Ari	
828	40 Ari	
833	Gam Hor	
834	Eta Per	
835	Eta For	
836	Pi Ari	
837	Zet Hyi	
838	41 Ari	
840	16 Per	
841	Bet For	
843	17 Per	
844	Gam For	
845	Gam For	
847	Sig Ari	
848	Eta For	
850	Tau Eri	
851	Eta For	
852	Nu Hor	
854	Tau Per	
855	20 Per	
863	Psi For	
867	Rho Ari	
869	Rho Ari	
872	Nu Hyi	
873	21 Per	
874	Eta Eri	
878	47 Ari	
879	Pi Per	
882	24 Per	
883	4 Eri	
887	Eps Ari	
888	Eps Ari	
889	6 Eri	
896	Lam Cet	
897	The Eri	
898	The Eri	
899	5 Eri	
901	Zet For	
904	7 Eri	
905	49 Ari	
907	Rho Eri	
909	Bet Hor	
910	93 Cet	
911	Alp Cet	Menkar
914	Eps For	
915	Gam Per	
917	Rho Eri	
919	Tau Eri	
921	Rho Per	
925	Rho Eri	
927	52 Ari	
928	52 Ari	
934	Mu Hor	
936	Bet Per	Algol
937	Iot Per	
938	53 Ari	
939	The Hyi	
940	54 Ari	
941	Kap Per	
944	55 Ari	
947	Ome Per	
951	Del Ari	
954	56 Ari	
962	94 Cet	
963	Alp For	
972	Zet Ari	
982	30 Per	
984	Zet Eri	
987	29 Per	
988	14 Eri	
989	31 Per	
992	95 Cet	
994	15 Eri	
995	59 Ari	
996	Kap Cet	
1000	60 Ari	
1002	32 Per	
1003	Tau Eri	
1005	Tau Ari	
1006	Zet Ret	
1007	Kap Cet	
1010	Zet Ret	
1012	62 Ari	
1015	Tau Ari	
1017	Alp Per	Mirfak
1022	64 Ari	
1025	Iot Hyi	
1027	65 Ari	
1030	Omi Tau	
1038	Xi Tau	
1042	Chi For	
1044	34 Per	
1048	66 Ari	
1052	Sig Per	
1054	Chi For	
1057	VA 901	
1058	Chi For	
1061	4 Tau	
1066	5 Tau	
1069	36 Per	
1070	17 Eri	
1079	6 Tau	
1083	Kap Ret	
1084	Eps Eri	
1086	7 Tau	
1087	Psi Per	
1088	Tau Eri	
1100	20 Eri	
1101	10 Tau	
1111	21 Eri	
1114	Tau For	
1115	12 Tau	
1118	11 Tau	
1121	22 Eri	
1122	Del Per	
1123	40 Per	
1126	13 Tau	
1131	Omi Per	
1132	14 Tau	
1134	Del For	
1135	Nu Per	
1136	Del Eri	
1140	16 Tau	
1142	17 Tau	
1144	18 Tau	
1145	19 Tau	
1146	24 Eri	
1148	Gam Cam	
1149	20 Tau	
1150	25 Eri	
1151	21 Tau	
1152	22 Tau	
1153	29 Tau	
1156	23 Tau	
1162	Pi Eri	
1165	Eta Tau	Alcyone
1171	Sig For	
1173	Tau Eri	
1174	30 Tau	
1175	Bet Ret	
1177	42 Per	
1178	27 Tau	
1180	28 Tau	
1181	Tau Eri	
1184	Rho For	
1199	31 Tau	
1202	30 Eri	
1203	Zet Per	
1208	Gam Hyi	
1210	43 Per	
1211	32 Eri	
1212	32 Eri	
1213	Tau Eri	
1218	32 Tau	
1220	Eps Per	
1221	33 Tau	
1228	Xi Per	
1231	Gam Eri	
1239	Lam Tau	
1240	Tau Eri	
1244	35 Eri	
1247	Del Ret	
1251	Nu Tau	
1252	36 Tau	
1253	40 Tau	
1256	37 Tau	
1261	Lam Per	
1262	39 Tau	
1264	Gam Ret	
1266	Iot Ret	
1268	41 Tau	
1269	Psi Tau	
1273	48 Per	
1277	49 Per	
1278	50 Per	
1283	Ome Tau	
1287	44 Tau	
1290	37 Eri	
1292	45 Tau	
1298	Omi Eri	
1302	Del Hor	
1303	Mu Per	
1306	52 Per	
1309	46 Tau	
1311	47 Tau	
1318	39 Eri	
1319	48 Tau	
1320	Mu Tau	
1325	Omi Eri	
1326	Alp Hor	
1329	Ome Tau	
1331	51 Tau	
1336	Alp Ret	
1338	Gam Dor	
1339	53 Tau	
1341	56 Tau	
1343	54 Per	
1346	Gam Tau	
1347	Ups Eri	
1348	Phi Tau	
1350	53 Per	
1351	57 Tau	
1355	Eps Ret	
1356	58 Tau	
1368	60 Tau	
1369	Chi Tau	
1372	The Ret	
1373	Del Tau	
1376	63 Tau	
1377	55 Per	
1378	62 Tau	
1379	56 Per	
1380	Del Tau	
1381	66 Tau	
1383	Xi Eri	
1387	Kap Tau	
1388	Kap Tau	
1389	Del Tau	
1391	70 Tau	
1392	Ups Tau	
1393	43 Eri	
1394	71 Tau	
1395	Eta Ret	
1396	Pi Tau	
1399	72 Tau	
1407	75 Tau	
1408	76 Tau	
1409	Eps Tau	
1411	The Tau	
1412	The Tau	
1414	79 Tau	
1417	1 Cam	
1422	80 Tau	
1426	Del Men	
1428	81 Tau	
1430	83 Tau	
1432	85 Tau	
1434	57 Per	
1437	45 Eri	
1443	Del Cae	
1444	Rho Tau	
1449	46 Eri	
1451	47 Eri	
1453	Ups Eri	
1454	58 Per	
1456	Nu Men	
1457	Alp Tau	Aldebaran
1458	88 Tau	
1463	Nu Eri	
1464	Ups Eri	
1465	Alp Dor	
1466	2 Cam	
1467	3 Cam	
1472	89 Tau	
1473	90 Tau	
1474	51 Eri	
1478	Sig Tau	
1479	Sig Tau	
1481	53 Eri	
1484	93 Tau	
1494	59 Per	
1496	54 Eri	
1497	Tau Tau	
1499	95 Tau	
1502	Alp Cae	
1503	Bet Cae	
1505	55 Eri	
1506	55 Eri	
1508	56 Eri	
1511	4 Cam	
1516	Lam Pic	
1520	Mu Eri	
1530	Kap Dor	
1532	58 Eri	
1537	96 Tau	
1538	59 Eri	
1539	Zet Cae	
1541	Mu Men	
1542	Alp Cam	
1543	Pi Ori	
1544	Pi Ori	
1547	97 Tau	
1549	60 Eri	
1551	2 Aur	
1552	Pi Ori	
1555	5 Cam	
1556	Omi Ori	
1560	Ome Eri	
1562	5 Ori	
1563	Iot Pic	
1564	Iot Pic	
1567	Pi Ori	
1568	7 Cam	
1569	6 Ori	
1570	Pi Ori	
1577	Iot Aur	
1580	Omi Ori	
1582	62 Eri	
1586	99 Tau	
1588	8 Cam	
1590	98 Tau	
1592	Ome Aur	
1599	5 Aur	
1601	Pi Ori	
1602	6 Aur	
1603	Bet Cam	
1605	Eps Aur	
1608	63 Eri	
1611	64 Eri	
1612	Zet Aur	
1617	Psi Eri	
1620	Iot Tau	
1622	11 Cam	
1623	12 Cam	
1629	Eta Men	
1634	1 Lep	
1637	9 Aur	
1638	11 Ori	
1641	Eta Aur	
1649	Eta Pic	
1652	Gam Cae	
1653	Gam Cae	
1654	Eps Lep	
1656	104 Tau	
1657	66 Eri	
1658	106 Tau	
1659	103 Tau	
1660	105 Tau	
1662	13 Ori	
1663	Eta Pic	
1664	14 Ori	
1666	Bet Eri	
1672	16 Ori	
1673	68 Eri	
1674	Zet Dor	
1676	15 Ori	
1677	Bet Men	
1678	14 Cam	
1679	Lam Eri	
1689	Mu Aur	
1696	Iot Lep	
1698	Rho Ori	
1702	Mu Lep	
1705	Kap Lep	
1706	14 Aur	
1708	Alp Aur	Capella
1711	108 Tau	
1713	Bet Ori	Rigel
1716	Xi Men	
1718	18 Ori	
1719	15 Cam	
1726	16 Aur	
1728	17 Aur	
1729	Lam Aur	
1734	18 Aur	
1735	Tau Ori	
1739	109 Tau	
1740	19 Aur	
1743	Omi Col	
1744	The Dor	
1746	21 Ori	
1749	Rho Aur	
1751	16 Cam	
1756	Lam Lep	
1757	Nu Lep	
1765	22 Ori	
1767	Zet Pic	
1768	22 Aur	
1770	23 Ori	
1773	Sig Aur	
1774	110 Tau	
1780	111 Tau	
1783	8 Lep	
1784	29 Ori	
1787	27 Ori	
1788	Eta Ori	
1789	Psi Ori	
1790	Gam Ori	Bellatrix
1791	Bet Tau	Elnath
1798	113 Tau	
1801	Kap Pic	
1802	17 Cam	
1805	Phi Aur	
1808	115 Tau	
1810	114 Tau	
1811	Psi Ori	
1814	116 Tau	
1816	117 Tau	
1818	The Pic	
1821	118 Tau	
1828	18 Cam	
1829	Bet Lep	
1834	31 Ori	
1836	Lam Dor	
1839	32 Ori	
1841	VA 891	
1842	33 Ori	
1843	Chi Aur	
1845	119 Tau	
1849	10 Lep	
1851	Del Ori	Mintaka
1852	Del Ori	Mintaka
1855	Ups Ori	
1857	19 Cam	
1858	120 Tau	
1862	Eps Col	
1864	35 Ori	
1865	Alp Lep	Arneb
1872	38 Ori	
1875	121 Tau	
1876	Phi Ori	
1879	Lam Ori	
1880	Lam Ori	
1892	42 Ori	
1893	The Ori	
1894	The Ori	
1895	The Ori	
1896	The Ori	
1897	The Ori	
1899	Iot Ori	
1901	45 Ori	
1903	Eps Ori	Alnilam
1905	122 Tau	
1907	Phi Ori	
1910	Zet Tau	
1914	26 Aur	
1922	Bet Dor	
1926	Nu Col	
1928	125 Tau	
1931	Sig Ori	
1934	Ome Ori	
1935	Nu Col	
1937	49 Ori	
1941	24 Cam	
1943	23 Cam	
1946	126 Tau	
1948	Zet Ori	Alnitak
1949	Zet Ori	Alnitak
1953	Gam Men	
1956	Alp Col	Phact
1963	51 Ori	
1968	12 Lep	
1969	26 Cam	
1971	Omi Aur	
1983	Gam Lep	
1985	129 Tau	
1989	131 Tau	
1990	130 Tau	
1991	Iot Men	
1992	29 Cam	
1993	133 Tau	
1995	Tau Aur	
1996	Mu Col	
1998	Zet Lep	
1999	52 Ori	
2002	132 Tau	
2004	Kap Ori	Saiph
2006	30 Cam	
2010	134 Tau	
2011	Ups Aur	
2012	Nu Aur	
2015	Del Dor	
2016	135 Tau	
2020	Bet Pic	
2022	Pi Men	
2027	31 Cam	
2029	Xi Aur	
2031	55 Ori	
2033	137 Tau	
2034	136 Tau	
2035	Del Lep	
2037	56 Ori	
2040	Bet Col	
2042	Gam Pic	
2047	Chi Ori	
2052	57 Ori	
2056	Lam Col	
2061	Alp Ori	Betelgeuse
2062	Lam Men	
2064	Eps Dor	
2077	Del Aur	
2084	139 Tau	
2085	Eta Lep	
2087	Xi Col	
2088	Bet Aur	Menkalinan
2091	Pi Aur	
2092	Sig Col	
2095	The Aur	
2100	59 Ori	
2101	36 Aur	
2103	60 Ori	
2106	Gam Col	
2107	1 Mon	
2108	2 Mon	
2119	38 Aur	
2120	Eta Col	
2124	Mu Ori	
2125	Kap Men	
2128	3 Mon	
2130	64 Ori	
2132	39 Aur	
2134	1 Gem	
2135	Chi Ori	
2143	40 Aur	
2144	63 Ori	
2145	66 Ori	
2148	17 Lep	
2152	37 Cam	
2155	The Lep	
2159	Nu Ori	
2165	36 Cam	
2168	19 Lep	
2171	Pi Col	
2173	3 Gem	
2175	41 Aur	
2176	41 Aur	
2177	The Col	
2181	Pi Col	
2185	5 Gem	
2193	68 Ori	
2194	Eta Dor	
2197	6 Gem	
2198	69 Ori	
2199	Xi Ori	
2201	40 Cam	
2212	Del Pic	
2215	1 Lyn	
2216	Eta Gem	
2219	Kap Aur	
2220	71 Ori	
2221	Nu Dor	
2223	72 Ori	
2227	Gam Mon	
2228	42 Aur	
2229	73 Ori	
2230	8 Gem	
2238	2 Lyn	
2239	43 Aur	
2240	9 Gem	
2241	74 Ori	
2245	Eta Dor	
2247	75 Ori	
2255	6 Mon	
2256	Kap Col	
2257	4 Lyn	
2261	Alp Men	
2264	45 Aur	
2273	7 Mon	
2282	Zet CMa	
2286	Mu Gem	
2289	Psi Aur	
2293	5 Lyn	
2294	Bet CMa	
2296	Del Col	
2298	Eps Mon	
2320	Nu Pic	
2326	Alp Car	Canopus
2330	16 Gem	
2331	6 Lyn	
2332	48 Aur	
2338	47 Aur	
2343	Nu Gem	
2344	10 Mon	
2352	Pi Dor	
2356	Bet Mon	
2357	Bet Mon	
2358	Bet Mon	
2361	Lam CMa	
2371	19 Gem	
2376	7 Lyn	
2377	Pi Dor	
2382	12 Mon	
2385	13 Mon	
2387	Xi CMa	
2394	8 Lyn	
2398	49 Aur	
2402	11 Lyn	
2404	14 Mon	
2412	Mu Pic	
2414	Xi CMa	
2419	51 Aur	
2420	Psi Aur	
2421	Gam Gem	Alhena
2423	Nu CMa	
2425	53 Aur	
2427	Psi Aur	
2429	Nu CMa	
2438	54 Aur	
2443	Nu CMa	
2451	Nu Pup	
2453	25 Gem	
2456	15 Mon	
2459	Psi Aur	
2466	26 Gem	
2470	12 Lyn	
2472	VA 903	
2473	Eps Gem	
2477	13 Lyn	
2478	30 Gem	
2480	28 Gem	
2483	Psi Aur	
2484	Xi Gem	
2487	Psi Aur	
2489	32 Gem	
2490	42 Cam	
2491	Alp CMa	Sirius
2492	10 CMa	
2494	16 Mon	
2496	GC 281	
2503	17 Mon	
2504	11 CMa	
2506	18 Mon	
2509	12 CMa	
2511	43 Cam	
2516	Psi Aur	
2519	33 Gem	
2520	14 Lyn	
2525	35 Gem	
2529	36 Gem	
2538	Kap CMa	
2539	59 Aur	
2540	The Gem	
2541	60 Aur	
2547	Psi Aur	
2550	Alp Pic	
2553	Tau Pup	
2559	Zet Men	
2560	15 Lyn	
2564	38 Gem	
2568	Psi Aur	
2569	37 Gem	
2571	15 CMa	
2574	The CMa	
2580	Omi CMa	
2585	16 Lyn	
2588	17 CMa	
2590	Pi CMa	
2593	Mu CMa	
2596	Iot CMa	
2600	62 Aur	
2601	39 Gem	
2602	Iot Vol	
2605	40 Gem	
2615	41 Gem	
2618	Eps CMa	Adhara
2630	Ome Gem	
2646	Sig CMa	
2648	19 Mon	
2650	Zet Gem	
2653	Omi CMa	
2657	Gam CMa	
2659	44 Gem	
2684	45 Gem	
2689	The Men	
2693	Del CMa	Wezen
2696	63 Aur	
2697	Tau Gem	
2700	47 Gem	
2701	20 Mon	
2706	48 Gem	
2707	21 Mon	
2714	Del Mon	
2715	18 Lyn	
2717	51 Gem	
2718	26 CMa	
2725	52 Gem	
2735	Gam Vol	
2736	Gam Vol	
2738	53 Gem	
2744	24 Mon	
2745	27 CMa	
2749	Ome CMa	
2753	64 Aur	
2763	Lam Gem	
2772	47 Cam	
2773	Pi Pup	
2777	Del Gem	
2781	29 CMa	
2782	Tau CMa	
2783	19 Lyn	
2784	19 Lyn	
2793	65 Aur	
2795	56 Gem	
2803	Del Vol	
2805	66 Aur	
2808	57 Gem	
2810	58 Gem	
2816	59 Gem	
2818	21 Lyn	
2820	1 CMi	
2821	Iot Gem	
2827	Eta CMa	
2828	Eps CMi	
2837	61 Gem	
2845	Bet CMi	
2846	63 Gem	
2849	22 Lyn	
2851	Eta CMi	
2852	Rho Gem	
2854	Gam CMi	
2857	64 Gem	
2861	65 Gem	
2864	6 CMi	
2878	Sig Pup	
2880	Del CMi	
2886	68 Gem	
2887	Del CMi	
2890	Alp Gem	Castor
2891	Alp Gem	Castor
2901	Del CMi	
2905	Ups Gem	
2919	Eps Men	
2924	70 Gem	
2927	25 Mon	
2929	23 Lyn	
2930	Omi Gem	
2938	74 Gem	
2943	Alp CMi	Procyon
2946	24 Lyn	
2970	Alp Mon	
2973	Sig Gem	
2975	51 Cam	
2977	49 Cam	
2983	76 Gem	
2985	Kap Gem	
2990	Bet Gem	Pollux
2991	79 Gem	
2993	1 Pup	
2996	3 Pup	
3003	81 Gem	
3008	11 CMi	
3009	2 Pup	
3010	2 Pup	
3013	Pi Gem	
3015	4 Pup	
3021	82 Gem	
3024	Zet Vol	
3029	5 Pup	
3034	Omi Pup	
3044	6 Pup	
3045	Xi Pup	
3059	Zet CMi	
3063	8 Pup	
3064	9 Pup	
3065	25 Lyn	
3066	26 Lyn	
3067	Phi Gem	
3073	10 Pup	
3086	85 Gem	
3095	1 Cnc	
3102	11 Pup	
3109	53 Cam	
3110	14 CMi	
3117	Chi Car	
3122	27 Mon	
3123	12 Pup	
3124	Ome Cnc	
3128	3 Cnc	
3132	Ome Cnc	
3134	5 Cnc	
3141	28 Mon	
3149	Chi Gem	
3163	8 Cnc	
3165	Zet Pup	Naos
3167	28 Lyn	
3168	14 Pup	
3169	Mu Cnc	
3173	27 Lyn	
3176	Mu Cnc	
3184	12 Cnc	
3185	Rho Pup	
3188	Zet Mon	
3191	Psi Cnc	
3192	16 Pup	
3202	18 Pup	
3206	Gam Vel	
3207	Gam Vel	
3208	Zet Cnc	
3209	Zet Cnc	
3210	Zet Cnc	
3211	19 Pup	
3215	15 Cnc	
3223	Eps Vol	
3229	20 Pup	
3235	29 Lyn	
3249	Bet Cnc	
3254	30 Lyn	
3257	21 Pup	
3262	Chi Cnc	
3268	Lam Cnc	
3275	31 Lyn	
3284	20 Cnc	
3289	22 Pup	
3290	21 Cnc	
3297	1 Hya	
3299	25 Cnc	
3301	Kap Vol	
3302	Kap Vol	
3304	Phi Cnc	
3307	Eps Car	Avior
3310	Phi Cnc	
3311	Phi Cnc	
3312	24 Cnc	
3313	24 Cnc	
3318	Alp Cha	
3319	27 Cnc	
3321	2 Hya	
3323	Omi UMa	
3329	28 Cnc	
3333	29 Cnc	
3334	Eta Vol	
3340	The Cha	
3347	Bet Vol	
3354	2 UMa	
3355	Ups Cnc	
3357	The Cnc	
3365	32 Lyn	
3366	Eta Cnc	
3369	Ups Cnc	
3372	34 Cnc	
3377	33 Lyn	
3387	35 Cnc	
3391	Pi UMa	
3398	3 Hya	
3403	Pi UMa	
3406	36 Cnc	
3410	Del Hya	
3412	37 Cnc	
3418	Sig Hya	
3420	Eta Pyx	
3422	34 Lyn	
3427	39 Cnc	
3429	Eps Cnc	
3431	6 Hya	
3433	Zet Pyx	
3438	Bet Pyx	
3441	9 Hya	
3449	Gam Cnc	
3450	45 Cnc	
3454	Eta Hya	
3460	The Vol	
3461	Del Cnc	
3464	46 Cnc	
3465	49 Cnc	
3468	Alp Pyx	
3469	10 Hya	
3474	Iot Cnc	
3475	Iot Cnc	
3481	50 Cnc	
3482	Eps Hya	
3484	12 Hya	
3485	Del Vel	Alsephina
3492	Rho Hya	
3500	14 Hya	
3502	Eta Cha	
3505	5 UMa	
3508	35 Lyn	
3510	54 Cnc	
3518	Gam Pyx	
3519	Sig Cnc	
3521	53 Cnc	
3522	Rho Cnc	
3523	15 Hya	
3531	6 UMa	
3532	57 Cnc	
3540	Rho Cnc	
3547	Zet Hya	
3550	60 Cnc	
3552	17 Hya	
3553	17 Hya	
3555	Sig Cnc	
3556	Del Pyx	
3561	Omi Cnc	
3563	61 Cnc	
3565	Omi Cnc	
3569	Iot UMa	
3572	Alp Cnc	
3575	Sig Cnc	
3576	Rho UMa	
3587	66 Cnc	
3589	67 Cnc	
3594	Kap UMa	
3595	Nu Cnc	
3601	70 Cnc	
3609	Sig UMa	
3613	Ome Hya	
3615	Alp Vol	
3616	Sig UMa	
3619	15 UMa	
3621	Tau Cnc	
3623	Kap Cnc	
3624	Tau UMa	
3626	75 Cnc	
3627	Xi Cnc	
3628	Kap Pyx	
3630	19 Hya	
3634	Lam Vel	
3640	79 Cnc	
3641	20 Hya	
3644	Eps Pyx	
3648	16 UMa	
3650	Pi Cnc	
3652	36 Lyn	
3655	21 Hya	
3660	17 UMa	
3662	18 UMa	
3665	The Hya	
3669	Pi Cnc	
3671	C 2 08	
3678	Zet Oct	
3681	23 Hya	
3683	24 Hya	
3685	Bet Car	Miaplacidus
3690	38 Lyn	
3699	Iot Car	
3705	Alp Lyn	
3706	26 Hya	
3709	27 Hya	
3718	The Pyx	
3731	Kap Leo	
3733	Lam Pyx	
3734	Kap Vel	
3738	28 Hya	
3744	29 Hya	
3748	Alp Hya	Alphard
3754	Ome Leo	
3755	3 Leo	
3757	23 UMa	
3759	Tau Hya	
3764	7 LMi	
3765	Eps Ant	
3768	22 UMa	
3769	8 LMi	
3771	24 UMa	
3773	Lam Leo	
3775	The UMa	
3779	6 Leo	
3780	Zet Ant	
3781	Zet Ant	
3782	Xi Leo	
3786	Psi Vel	
3787	Tau Hya	
3789	Zet Ant	
3791	9 LMi	
3795	Iot Cha	
3799	26 UMa	
3800	10 LMi	
3814	33 Hya	
3815	11 LMi	
3818	7 Leo	
3826	8 Leo	
3827	10 Leo	
3829	42 Lyn	
3832	34 Hya	
3839	27 UMa	
3845	Iot Hya	
3846	37 Hya	
3849	Kap Hya	
3851	43 Lyn	
3852	Omi Leo	
3853	13 Leo	
3857	13 LMi	
3860	Zet Cha	
3861	15 Leo	
3865	28 UMa	
3866	Psi Leo	
3871	The Ant	
3873	Eps Leo	
3877	18 Leo	
3880	19 Leo	
3888	Ups UMa	
3889	20 Leo	
3890	Ups Car	
3891	Ups Car	
3893	4 Sex	
3894	Phi UMa	
3896	23 Leo	
3899	6 Sex	
3900	22 Leo	
3902	Nu Cha	
3903	Ups Hya	
3905	Mu Leo	
3906	7 Sex	
3909	Gam Sex	
3917	31 UMa	
3928	19 LMi	
3937	Nu Leo	
3940	Phi Vel	
3945	12 Sex	
3947	Eta Ant	
3950	Pi Leo	
3951	20 LMi	
3961	13 Sex	
3970	Ups Hya	
3973	14 Sex	
3974	21 LMi	
3975	Eta Leo	
3980	31 Leo	
3981	Alp Sex	
3982	Alp Leo	Regulus
3983	Mu Cha	
3989	17 Sex	
3994	Lam Hya	
3996	18 Sex	
3997	Mu Cha	
3998	34 Leo	
4004	19 Sex	
4014	22 LMi	
4024	23 LMi	
4026	32 UMa	
4027	24 LMi	
4030	35 Leo	
4031	Zet Leo	
4033	Lam UMa	
4035	37 Leo	
4037	Ome Car	
4039	39 Leo	
4042	Eps Sex	
4054	40 Leo	
4057	Gam Leo	Algieba
4058	Gam Leo	Algieba
4064	23 Sex	
4069	Mu UMa	
4070	42 Leo	
4075	27 LMi	
4077	43 Leo	
4081	28 LMi	
4082	25 Sex	
4088	44 Leo	
4090	30 LMi	
4094	Mu Hya	
4100	Bet LMi	
4101	45 Leo	
4104	Alp Ant	
4106	35 UMa	
4112	36 UMa	
4113	32 LMi	
4116	Del Sex	
4118	Del Ant	
4119	Bet Sex	
4124	33 LMi	
4127	46 Leo	
4133	Rho Leo	
4137	34 LMi	
4141	37 UMa	
4145	44 Hya	
4146	48 Leo	
4148	49 Leo	
4150	35 LMi	
4156	Phi Hya	
4166	37 LMi	
4168	38 LMi	
4171	Phi Hya	
4174	Gam Cha	
4178	38 UMa	
4182	33 Sex	
4187	39 UMa	
4189	40 LMi	
4192	41 LMi	
4193	35 Sex	
4199	The Car	
4201	36 Sex	
4202	41 UMa	
4203	42 LMi	
4208	51 Leo	
4209	52 Leo	
4210	Eta Car	
4216	Mu Vel	
4223	43 LMi	
4227	53 Leo	
4229	40 Sex	
4230	44 LMi	
4231	Del Cha	
4232	Nu Hya	
4234	Del Cha	
4235	43 UMa	
4236	42 UMa	
4237	41 Sex	
4246	44 UMa	
4247	46 LMi	
4248	Ome UMa	
4254	48 LMi	
4258	46 UMa	
4259	54 Leo	
4260	54 Leo	
4265	55 Leo	
4267	56 Leo	
4270	50 LMi	
4273	Iot Ant	
4277	47 UMa	
4287	Alp Crt	
4288	49 UMa	
4291	58 Leo	
4294	59 Leo	
4295	Bet UMa	Merak
4299	61 Leo	
4300	60 Leo	
4301	Alp UMa	Dubhe
4306	62 Leo	
4309	51 UMa	
4310	Chi Leo	
4312	Eta Oct	
4314	Chi Hya	
4317	Chi Hya	
4319	65 Leo	
4322	64 Leo	
4332	67 Leo	
4335	Psi UMa	
4343	Bet Crt	
4347	Psi Crt	
4356	69 Leo	
4357	Del Leo	
4359	The Leo	
4362	72 Leo	
4365	73 Leo	
4368	Phi Leo	
4371	75 Leo	
4374	Xi UMa	
4375	Xi UMa	
4377	Nu UMa	
4380	55 UMa	
4381	76 Leo	
4382	Del Crt	
4386	Sig Leo	
4390	Pi Cen	
4392	56 UMa	
4395	Lam Crt	
4399	Iot Leo	
4400	79 Leo	
4402	Eps Crt	
4405	Gam Crt	
4408	81 Leo	
4410	80 Leo	
4414	83 Leo	
4416	Kap Crt	
4418	Tau Leo	
4422	57 UMa	
4426	85 Leo	
4431	58 UMa	
4432	87 Leo	
4433	86 Leo	
4434	Lam Dra	
4437	88 Leo	
4441	Omi Cen	
4442	Omi Cen	
4450	Xi Hya	
4455	89 Leo	
4456	90 Leo	
4461	2 Dra	
4467	Lam Cen	
4468	The Crt	
4471	Ups Leo	
4477	59 UMa	
4479	Pi Cha	
4480	60 UMa	
4483	Ome Vir	
4488	Iot Crt	
4494	Omi Hya	
4495	92 Leo	
4496	61 UMa	
4501	62 UMa	
4504	3 Dra	
4514	Zet Crt	
4515	Xi Vir	
4517	Nu Vir	
4518	Chi UMa	
4520	Lam Mus	
4527	93 Leo	
4528	4 Vir	
4530	Mu Mus	
4534	Bet Leo	Denebola
4540	Bet Vir	
4552	Bet Hya	
4554	Gam UMa	
4559	6 Vir	
4560	65 UMa	
4561	65 UMa	
4564	95 Leo	
4566	66 UMa	
4567	Eta Crt	
4583	Eps Cha	
4585	7 Vir	
4589	Pi Vir	
4594	67 UMa	
4599	The Cru	
4602	2 Com	
4603	The Cru	
4605	Kap Cha	
4608	Omi Vir	
4616	Eta Cru	
4621	Del Cen	
4623	Alp Crv	
4626	10 Vir	
4629	11 Vir	
4630	Eps Crv	
4632	3 Com	
4635	3 Crv	
4638	Rho Cen	
4640	4 Com	
4641	68 UMa	
4643	5 Com	
4650	12 Vir	
4656	Del Cru	
4660	Del UMa	
4662	Gam Crv	
4663	6 Com	
4666	2 CVn	
4667	7 Com	
4671	Eps Mus	
4674	Bet Cha	
4679	Zet Cru	
4681	13 Vir	
4685	8 Com	
4688	9 Com	
4689	Eta Vir	
4690	3 CVn	
4695	16 Vir	
4696	Zet Crv	
4697	11 Com	
4700	Eps Cru	
4701	70 UMa	
4703	Zet Mus	
4704	Zet Mus	
4707	12 Com	
4708	17 Vir	
4711	6 Crv	
4715	4 CVn	
4716	5 CVn	
4717	13 Com	
4726	71 UMa	
4728	6 CVn	
4730	Alp Cru	Acrux
4731	Alp Cru	Acrux
4733	14 Com	
4737	Gam Com	
4738	16 Com	
4743	Sig Cen	
4745	73 UMa	
4752	17 Com	
4753	18 Com	
4756	20 Com	
4757	Del Crv	
4760	74 UMa	
4761	7 CVn	
4762	75 UMa	
4763	Gam Cru	Gacrux
4764	Gam Cru	Gacrux
4765	4 Dra	
4766	21 Com	
4773	Gam Mus	
4775	Eta Crv	
4777	20 Vir	
4780	22 Com	
4781	21 Vir	
4785	Bet CVn	
4786	Bet Crv	
4787	Kap Dra	
4789	23 Com	
4791	24 Com	
4792	24 Com	
4795	6 Dra	
4798	Alp Mus	
4799	25 Vir	
4801	25 Com	
4802	Tau Cen	
4811	9 CVn	
4813	Chi Vir	
4815	26 Com	
4819	Gam Cen	
4824	27 Vir	
4825	Gam Vir	
4826	Gam Vir	
4828	Rho Vir	
4829	31 Vir	
4833	76 UMa	
4842	Iot Cru	
4844	Bet Mus	
4845	10 CVn	
4847	32 Vir	
4849	33 Vir	
4851	27 Com	
4853	Bet Cru	Mimosa
4855	34 Vir	
4858	35 Vir	
4861	28 Com	
4863	7 Dra	
4865	29 Com	
4866	11 CVn	
4869	30 Com	
4870	Iot Oct	
4878	37 Vir	
4883	31 Com	
4884	32 Com	
4890	Kap Cru	
4891	38 Vir	
4894	35 Com	
4897	Lam Cru	
4898	Mu Cru	
4899	Mu Cru	
4900	41 Vir	
4902	Psi Vir	
4905	Eps UMa	Alioth
4910	Del Vir	
4914	Alp CVn	
4915	Alp CVn	
4916	8 Dra	
4920	36 Com	
4921	44 Vir	
4923	Del Mus	
4924	37 Com	
4925	46 Vir	
4928	9 Dra	
4929	38 Com	
4931	78 UMa	
4932	Eps Vir	
4933	Xi Cen	
4937	48 Vir	
4942	Xi Cen	
4943	14 CVn	
4946	39 Com	
4949	40 Com	
4952	The Mus	
4954	41 Com	
4955	49 Vir	
4958	Psi Hya	
4961	50 Vir	
4963	The Vir	
4967	15 CVn	
4968	Alp Com	
4969	Alp Com	
4971	17 CVn	
4981	53 Vir	
4983	Bet Com	
4990	54 Vir	
4993	Eta Mus	
4995	55 Vir	
5001	57 Vir	
5004	19 CVn	
5011	59 Vir	
5015	Sig Vir	
5017	20 CVn	
5019	61 Vir	
5020	Gam Hya	
5023	21 CVn	
5028	Iot Cen	
5032	23 CVn	
5040	64 Vir	
5042	Iot Mus	
5044	63 Vir	
5047	65 Vir	
5050	66 Vir	
5051	Iot Mus	
5054	Zet UMa	Mizar
5055	Zet UMa	Mizar
5056	Alp Vir	Spica
5062	80 UMa	
5064	68 Vir	
5068	69 Vir	
5072	70 Vir	
5081	71 Vir	
5084	Kap Oct	
5088	72 Vir	
5094	73 Vir	
5095	74 Vir	
5099	75 Vir	
5100	76 Vir	
5105	78 Vir	
5107	Zet Vir	
5109	81 UMa	
5111	80 Vir	
5112	24 CVn	
5127	25 CVn	
5132	Eps Cen	
5142	82 UMa	
5144	1 Boo	
5149	2 Boo	
5150	82 Vir	
5154	83 UMa	
5159	84 Vir	
5165	83 Vir	
5168	1 Cen	
5170	85 Vir	
5173	86 Vir	
5181	87 Vir	
5182	3 Boo	
5185	Tau Boo	
5187	84 UMa	
5190	Nu Cen	
5191	Eta UMa	Alkaid
5192	2 Cen	
5193	Mu Cen	
5196	89 Vir	
5200	Ups Boo	
5201	6 Boo	
5210	3 Cen	
5211	3 Cen	
5221	4 Cen	
5225	7 Boo	
5226	10 Dra	
5231	Zet Cen	
5232	90 Vir	
5235	Eta Boo	
5238	86 UMa	
5244	92 Vir	
5247	9 Boo	
5248	Phi Cen	
5249	Ups Cen	
5250	47 Hya	
5255	10 Boo	
5257	48 Hya	
5260	Ups Cen	
5261	The Aps	
5263	11 Boo	
5264	Tau Vir	
5267	Bet Cen	Hadar
5285	Chi Cen	
5287	Pi Hya	
5288	The Cen	
5290	95 Vir	
5291	Alp Dra	Thuban
5298	96 Vir	
5300	13 Boo	
5303	Eta Aps	
5304	12 Boo	
5305	3 UMi	
5312	50 Hya	
5315	Kap Vir	
5321	4 UMi	
5323	14 Boo	
5328	Kap Boo	
5329	Kap Boo	
5330	15 Boo	
5336	Eps Aps	
5338	Iot Vir	
5339	Del Oct	
5340	Alp Boo	Arcturus
5350	Iot Boo	
5351	Lam Boo	
5354	Iot Lup	
5359	Lam Vir	
5365	18 Boo	
5366	Ups Vir	
5367	Psi Cen	
5370	20 Boo	
5381	51 Hya	
5383	2 Lib	
5395	Tau Lup	
5396	Tau Lup	
5404	The Boo	
5405	22 Boo	
5406	104 Vir	
5407	52 Hya	
5409	Phi Vir	
5410	106 Vir	
5420	24 Boo	
5425	Sig Lup	
5429	Rho Boo	
5430	5 UMi	
5434	26 Boo	
5435	Gam Boo	
5440	Eta Cen	
5447	Sig Boo	
5453	Rho Lup	
5459	Alp Cen	Rigil Kentaurus
5460	Alp Cen	Rigil Kentaurus
5463	Alp Cir	
5468	33 Boo	
5469	Alp Lup	
5470	Alp Aps	
5475	Pi Boo	
5476	Pi Boo	
5477	Zet Boo	
5478	Zet Boo	
5480	31 Boo	
5481	32 Boo	
5484	4 Lib	
5487	Mu Vir	
5490	34 Boo	
5497	54 Hya	
5501	108 Vir	
5502	Omi Boo	
5503	5 Lib	
5505	Eps Boo	
5506	Eps Boo	
5511	109 Vir	
5514	55 Hya	
5516	56 Hya	
5517	57 Hya	
5523	Mu Lib	
5525	Pi Oct	
5526	58 Hya	
5528	Omi Lup	
5530	Alp Lib	Zubenelgenubi
5531	Alp Lib	Zubenelgenubi
5533	38 Boo	
5535	11 Lib	
5538	39 Boo	
5539	Zet Cir	
5544	Xi Boo	
5545	Pi Oct	
5548	12 Lib	
5551	The Cir	
5554	Xi Lib	
5557	Ome Oct	
5563	Bet UMi	
5564	Xi Lib	
5570	16 Lib	
5571	Bet Lup	
5576	Kap Cen	
5577	59 Hya	
5578	17 Lib	
5582	18 Lib	
5586	Del Lib	
5588	40 Boo	
5591	60 Hya	
5593	Eta Cir	
5600	Ome Boo	
5601	110 Vir	
5602	Bet Boo	
5603	Sig Lib	
5605	Pi Lup	
5606	Pi Lup	
5616	Psi Boo	
5618	44 Boo	
5622	Nu Lib	
5626	Lam Lup	
5627	47 Boo	
5634	45 Boo	
5638	46 Boo	
5646	Kap Lup	
5647	Kap Lup	
5649	Zet Lup	
5652	Iot Lib	
5656	Iot Lib	
5657	23 Lib	
5660	1 Lup	
5662	26 Lib	
5664	Del Cir	
5666	Eps Cir	
5670	Bet Cir	
5671	Gam TrA	
5675	3 Ser	
5676	Chi Boo	
5679	4 Ser	
5681	Del Boo	
5683	Mu Lup	
5685	Bet Lib	Zubeneschamali
5686	2 Lup	
5694	5 Ser	
5695	Del Lup	
5698	Nu Lup	
5699	Nu Lup	
5701	28 Lib	
5703	Omi Lib	
5704	Gam Cir	
5705	Phi Lup	
5708	Eps Lup	
5709	Omi CrB	
5710	6 Ser	
5712	Phi Lup	
5714	11 UMi	
5717	7 Ser	
5718	50 Boo	
5719	Ups Lup	
5721	8 Ser	
5723	Eps Lib	
5727	Eta CrB	
5728	Eta CrB	
5729	Rho Oct	
5730	Kap Aps	
5733	Mu Boo	
5734	Mu Boo	
5735	Gam UMi	
5739	Tau Ser	
5743	Zet Lib	
5744	Iot Dra	
5746	10 Ser	
5747	Bet CrB	
5750	Zet Lib	
5763	Nu Boo	
5764	Zet Lib	
5770	Tau Ser	
5771	Eps TrA	
5772	11 Ser	
5774	Nu Boo	
5775	36 Lib	
5776	Gam Lup	
5777	37 Lib	
5778	The CrB	
5782	Kap Aps	
5787	Gam Lib	
5788	Del Ser	
5789	Del Ser	
5793	Alp CrB	Alphecca
5794	Ups Lib	
5795	Tau Ser	
5797	Ome Lup	
5799	14 Ser	
5800	Mu CrB	
5802	16 Ser	
5804	Tau Ser	
5812	Tau Lib	
5814	41 Lib	
5820	Psi Lup	
5823	Phi Boo	
5824	42 Lib	
5826	The UMi	
5833	Zet CrB	
5834	Zet CrB	
5838	Kap Lib	
5839	Psi Lup	
5840	Tau Ser	
5842	Iot Ser	
5843	Chi Ser	
5845	Tau Ser	
5848	Eta Lib	
5849	Gam CrB	
5853	Psi Ser	
5854	Alp Ser	Unukalhai
5855	Pi CrB	
5858	Tau Ser	
5863	25 Ser	
5867	Bet Ser	
5868	Lam Ser	
5870	Ups Ser	
5879	Kap Ser	
5881	Mu Ser	
5883	Chi Lup	
5885	1 Sco	
5888	Ome Ser	
5889	Del CrB	
5891	Kap TrA	
5892	Eps Ser	
5895	36 Ser	
5897	Bet TrA	
5899	Rho Ser	
5901	Kap CrB	
5902	Lam Lib	
5903	Zet UMi	
5904	2 Sco	
5908	The Lib	
5911	39 Ser	
5912	3 Sco	
5914	Chi Her	
5915	47 Lib	
5917	4 Sco	
5919	40 Ser	
5925	Xi Lup	
5926	Xi Lup	
5928	Rho Sco	
5932	2 Her	
5933	Gam Ser	
5936	Lam CrB	
5938	4 Her	
5940	Phi Ser	
5941	48 Lib	
5944	Pi Sco	
5947	Eps CrB	
5948	Eta Lup	
5953	Del Sco	Dschubba
5954	49 Lib	
5959	50 Lib	
5961	Iot Nor	
5962	Eta Nor	
5966	5 Her	
5968	Rho CrB	
5971	Iot CrB	
5972	Pi Ser	
5976	43 Ser	
5977	Xi Sco	
5978	Xi Sco	
5980	Del Nor	
5982	Ups Her	
5984	Bet Sco	Acrab
5985	Bet Sco	Acrab
5986	The Dra	
5987	The Lup	
5993	Ome Sco	
5994	Iot Nor	
5997	Ome Sco	
6002	11 Sco	
6004	45 Ser	
6008	Kap Her	
6009	Kap Her	
6010	47 Ser	
6013	8 Her	
6018	Tau CrB	
6019	Zet Nor	
6020	Del Aps	
6021	Del Aps	
6023	Phi Her	
6024	Kap Nor	
6026	Nu Sco	
6027	Nu Sco	
6028	13 Sco	
6029	12 Sco	
6030	Del TrA	
6031	Psi Sco	
6033	16 Sco	
6039	10 Her	
6045	The Nor	
6047	9 Her	
6048	Chi Sco	
6056	Del Oph	
6058	Gam Nor	
6060	18 Sco	
6063	Sig CrB	
6064	Sig CrB	
6065	16 Her	
6071	Lam Nor	
6072	Gam Nor	
6074	Ups CrB	
6075	Eps Oph	
6079	19 UMi	
6081	Omi Sco	
6082	20 UMi	
6084	Sig Sco	
6092	Tau Her	
6093	Sig Ser	
6095	Gam Her	
6098	Zet TrA	
6102	Gam Aps	
6103	Xi CrB	
6104	Psi Oph	
6107	Nu CrB	
6108	Nu CrB	
6109	Iot TrA	
6111	21 Her	
6112	Rho Oph	
6113	Rho Oph	
6115	Eps Nor	
6116	Eta UMi	
6117	Ome Her	
6118	Chi Oph	
6123	25 Her	
6129	Ups Oph	
6132	Eta Dra	
6134	Alp Sco	Antares
6141	22 Sco	
6146	30 Her	
6147	Phi Oph	
6148	Bet Her	Kornephoros
6149	Lam Oph	
6151	The TrA	
6153	Ome Oph	
6155	Mu Nor	
6156	34 Her	
6158	28 Her	
6159	29 Her	
6161	15 Dra	
6163	Bet Aps	
6165	Tau Sco	
6168	Sig Her	
6171	12 Oph	
6172	Eta TrA	
6175	Zet Oph	
6184	16 Dra	
6185	17 Dra	
6186	17 Dra	
6194	36 Her	
6195	37 Her	
6200	42 Her	
6205	14 Oph	
6212	Zet Her	
6213	39 Her	
6217	Alp TrA	Atria
6220	Eta Her	
6223	18 Dra	
6224	16 Oph	
6225	25 Sco	
6228	43 Her	
6229	Eta Ara	
6232	19 Oph	
6234	45 Her	
6241	Eps Sco	
6243	20 Oph	
6247	Mu Sco	
6250	47 Her	
6252	Mu Sco	
6254	52 Her	
6255	21 Oph	
6258	50 Her	
6262	Zet Sco	
6268	49 Her	
6270	51 Her	
6271	Zet Sco	
6279	53 Her	
6280	23 Oph	
6281	Iot Oph	
6285	Zet Ara	
6288	27 Sco	
6291	24 Oph	
6292	56 Her	
6293	54 Her	
6295	Eps Ara	
6299	Kap Oph	
6305	57 Her	
6309	VA 848	
6310	26 Oph	
6314	Eps Ara	
6315	19 Dra	
6318	30 Oph	
6319	20 Dra	
6321	29 Oph	
6322	Eps UMi	
6324	Eps Her	
6332	59 Her	
6346	61 Her	
6355	60 Her	
6369	Mu Dra	
6370	Mu Dra	
6378	Eta Oph	
6380	Eta Sco	
6391	63 Her	
6393	37 Oph	
6396	Zet Dra	
6401	36 Oph	
6402	36 Oph	
6406	Alp Her	Rasalgethi
6407	Alp Her	Rasalgethi
6410	Del Her	
6411	Iot Aps	
6415	41 Oph	
6417	Zet Aps	
6418	Pi Her	
6424	Omi Oph	
6425	Omi Oph	
6431	68 Her	
6436	69 Her	
6445	Xi Oph	
6446	Nu Ser	
6451	Iot Ara	
6453	The Oph	
6457	70 Her	
6458	72 Her	
6459	43 Oph	
6461	Bet Ara	
6462	Gam Ara	
6464	74 Her	
6468	Kap Ara	
6480	73 Her	
6484	Rho Her	
6485	Rho Her	
6486	44 Oph	
6492	45 Oph	
6498	Sig Oph	
6500	Del Ara	
6508	Ups Sco	
6509	77 Her	
6510	Alp Ara	
6515	VA 604	
6519	51 Oph	
6526	Lam Her	
6527	Lam Sco	Shaula
6533	78 Her	
6536	Bet Dra	Rastaban
6537	Sig Ara	
6545	52 Oph	
6548	53 Oph	
6549	Pi Ara	
6553	The Sco	
6554	Nu Dra	
6555	Nu Dra	
6556	Alp Oph	Rasalhague
6561	Xi Ser	
6566	27 Dra	
6567	Mu Oph	
6569	Lam Ara	
6571	79 Her	
6573	26 Dra	
6574	82 Her	
6580	Kap Sco	
6581	Omi Ser	
6582	Eta Pav	
6585	Mu Ara	
6588	Iot Her	
6595	58 Oph	
6596	Ome Dra	
6602	83 Her	
6603	Bet Oph	
6608	84 Her	
6609	61 Oph	
6615	Iot Sco	
6616	3 Sgr	
6623	Mu Her	
6629	Gam Oph	
6631	Iot Sco	
6636	Psi Dra	
6637	Psi Dra	
6644	87 Her	
6656	30 Dra	
6664	88 Her	
6677	90 Her	
6685	89 Her	
6688	Xi Dra	
6695	The Her	
6698	Nu Oph	
6700	4 Sgr	
6701	35 Dra	
6703	Xi Her	
6705	Gam Dra	Eltanin
6707	Nu Her	
6710	Zet Ser	
6712	66 Oph	
6713	93 Her	
6714	67 Oph	
6715	6 Sgr	
6721	Chi Oct	
6723	68 Oph	
6724	7 Sgr	
6725	Psi Dra	
6729	95 Her	
6730	95 Her	
6733	Tau Oph	
6734	Tau Oph	
6736	9 Sgr	
6738	96 Her	
6741	97 Her	
6742	Gam Sgr	
6743	The Ara	
6745	Pi Pav	
6746	Gam Sgr	
6752	70 Oph	
6761	Iot Pav	
6765	98 Her	
6770	71 Oph	
6771	72 Oph	
6775	99 Her	
6779	Omi Her	
6781	100 Her	
6782	100 Her	
6783	Eps Tel	
6787	102 Her	
6789	Del UMi	
6794	101 Her	
6795	73 Oph	
6801	11 Sgr	
6809	40 Dra	
6810	41 Dra	
6811	24 UMi	
6812	Mu Sgr	
6815	104 Her	
6816	14 Sgr	
6822	15 Sgr	
6823	16 Sgr	
6829	Phi Oct	
6832	Eta Sgr	
6850	36 Dra	
6855	Xi Pav	
6859	Del Sgr	
6860	105 Her	
6865	37 Dra	
6866	74 Oph	
6868	106 Her	
6869	Eta Ser	
6872	Kap Lyr	
6876	108 Her	
6877	107 Her	
6879	Eps Sgr	Kaus Australis
6884	Zet Sct	
6888	18 Sgr	
6895	109 Her	
6896	21 Sgr	
6897	Alp Tel	
6903	Mu Lyr	
6905	Zet Tel	
6913	Lam Sgr	
6916	Nu Pav	
6918	59 Ser	
6920	Phi Dra	
6923	39 Dra	
6927	Chi Dra	
6930	Gam Sct	
6934	Del Tel	
6935	60 Ser	
6938	Del Tel	
6945	42 Dra	
6951	The CrA	
6952	Kap CrA	
6953	Kap CrA	
6957	61 Ser	
6961	24 Sgr	
6965	25 Sgr	
6973	Alp Sct	
6978	45 Dra	
6982	Zet Pav	
7001	Alp Lyr	Vega
7011	26 Sgr	
7020	Del Sct	
7021	Lam CrA	
7032	Eps Sct	
7036	The Pav	
7039	Phi Sgr	
7040	4 Aql	
7046	28 Sgr	
7049	46 Dra	
7050	Mu CrA	
7051	Eps Lyr	
7052	Eps Lyr	
7053	Eps Lyr	
7054	Eps Lyr	
7056	Zet Lyr	
7057	Zet Lyr	
7059	5 Aql	
7061	110 Her	
7062	Eta CrA	
7063	Bet Sct	
7068	Eta CrA	
7069	111 Her	
7074	Lam Pav	
7078	29 Sgr	
7087	Kap Tel	
7088	30 Sgr	
7100	Nu Lyr	
7101	8 Aql	
7102	Nu Lyr	
7106	Bet Lyr	
7107	Kap Pav	
7113	112 Her	
7114	33 Sgr	
7116	Nu Sgr	
7120	Nu Sgr	
7121	Sig Sgr	Nunki
7124	50 Dra	
7125	Omi Dra	
7127	Ome Pav	
7131	Del Lyr	
7133	113 Her	
7134	Lam Tel	
7139	Del Lyr	
7141	The Ser	
7142	The Ser	
7145	Xi Sgr	
7149	Eta Sct	
7150	Xi Sgr	
7152	Eps CrA	
7157	13 Lyr	
7158	64 Ser	
7167	10 Aql	
7172	11 Aql	
7175	48 Dra	
7176	Eps Aql	
7178	Gam Lyr	
7180	Ups Dra	
7188	Zet CrA	
7189	VA 899	
7192	Lam Lyr	
7193	12 Aql	
7194	Zet Sgr	
7209	14 Aql	
7213	Rho Tel	
7215	16 Lyr	
7217	Omi Sgr	
7218	49 Dra	
7225	15 Aql	
7226	Gam CrA	
7227	Gam CrA	
7228	Sig Oct	
7234	Tau Sgr	
7235	Zet Aql	
7236	Lam Aql	
7242	Del CrA	
7248	18 Aql	
7251	51 Dra	
7254	Alp CrA	
7259	Bet CrA	
7261	17 Lyr	
7262	Iot Lyr	
7264	Pi Sgr	
7266	19 Aql	
7274	Tau Pav	
7279	20 Aql	
7283	19 Lyr	
7287	21 Aql	
7290	55 Dra	
7292	Psi Sgr	
7295	53 Dra	
7298	Eta Lyr	
7301	1 Sge	
7303	22 Aql	
7304	43 Sgr	
7306	1 Vul	
7309	54 Dra	
7310	Del Dra	
7312	59 Dra	
7314	The Lyr	
7315	Ome Aql	
7318	2 Vul	
7319	23 Aql	
7321	24 Aql	
7328	Kap Cyg	
7329	Eta Tel	
7331	28 Aql	
7332	Ome Aql	
7333	26 Aql	
7336	27 Aql	
7337	Bet Sgr	
7340	Rho Sgr	
7342	Ups Sgr	
7343	Bet Sgr	
7344	Rho Sgr	
7348	Alp Sgr	
7352	Tau Dra	
7358	3 Vul	
7362	Chi Sgr	
7363	Chi Sgr	
7369	2 Sge	
7371	Pi Dra	
7372	2 Cyg	
7373	31 Aql	
7375	50 Sgr	
7377	Del Aql	
7385	4 Vul	
7387	Nu Aql	
7390	5 Vul	
7393	Mu Tel	
7394	Lam UMi	
7395	4 Cyg	
7400	35 Aql	
7405	Alp Vul	
7406	8 Vul	
7408	Iot Cyg	
7409	7 Vul	
7414	36 Aql	
7417	Bet Cyg	
7418	Bet Cyg	
7420	Iot Cyg	
7424	Iot Tel	
7426	8 Cyg	
7429	Mu Aql	
7430	37 Aql	
7431	51 Sgr	
7437	9 Vul	
7440	52 Sgr	
7441	9 Cyg	
7446	Kap Aql	
7447	Iot Aql	
7457	11 Cyg	
7460	42 Aql	
7462	Sig Dra	
7463	Eps Sge	
7469	The Cyg	
7470	53 Sgr	
7474	Sig Aql	
7476	54 Sgr	
7478	Phi Cyg	
7479	Alp Sge	
7480	45 Aql	
7483	14 Cyg	
7488	Bet Sge	
7489	55 Sgr	
7493	46 Aql	
7497	Chi Aql	
7503	16 Cyg	
7506	10 Vul	
7510	Nu Tel	
7511	Psi Aql	
7515	56 Sgr	
7517	15 Cyg	
7519	Ups Aql	
7525	Gam Aql	
7528	Del Cyg	
7534	17 Cyg	
7536	Del Sge	
7539	VA 670	
7544	Pi Aql	
7546	Zet Sge	
7553	51 Aql	
7557	Alp Aql	Altair
7560	Omi Aql	
7561	57 Sgr	
7564	Chi Cyg	
7565	12 Vul	
7566	19 Cyg	
7570	Eta Aql	
7574	9 Sge	
7576	20 Cyg	
7581	Iot Sgr	
7582	Eps Dra	
7584	56 Aql	
7590	Eps Pav	
7592	13 Vul	
7593	57 Aql	
7594	57 Aql	
7595	Xi Aql	
7596	58 Aql	
7597	Ome Sgr	
7602	Bet Aql	
7603	Mu Pav	
7604	59 Sgr	
7608	23 Cyg	
7609	10 Sge	
7610	Phi Aql	
7612	Mu Pav	
7613	22 Cyg	
7614	61 Sgr	
7615	Eta Cyg	
7618	60 Sgr	
7619	Psi Cyg	
7622	11 Sge	
7623	The Sgr	
7624	The Sgr	
7635	Gam Sge	
7641	14 Vul	
7645	13 Sge	
7647	25 Cyg	
7649	63 Sgr	
7650	62 Sgr	
7653	15 Vul	
7657	16 Vul	
7660	26 Cyg	
7665	Del Pav	
7667	62 Aql	
7669	Tau Aql	
7672	15 Sge	
7673	Xi Tel	
7675	65 Sgr	
7676	64 Dra	
7679	Eta Sge	
7682	65 Dra	
7685	Rho Dra	
7686	69 Dra	
7688	17 Vul	
7689	27 Cyg	
7690	64 Aql	
7701	66 Dra	
7705	The Sge	
7708	28 Cyg	
7710	The Aql	
7711	18 Vul	
7712	Xi Cap	
7715	Xi Cap	
7718	19 Vul	
7719	20 Vul	
7720	66 Aql	
7724	Rho Aql	
7727	68 Dra	
7730	30 Cyg	
7731	21 Vul	
7735	31 Cyg	
7736	29 Cyg	
7738	3 Cap	
7740	33 Cyg	
7741	22 Vul	
7744	23 Vul	
7746	18 Sge	
7747	Alp Cap	
7748	4 Cap	
7750	Kap Cep	
7751	32 Cyg	
7753	24 Vul	
7754	Alp Cap	
7761	Sig Cap	
7763	34 Cyg	
7769	36 Cyg	
7770	35 Cyg	
7773	Nu Cap	
7776	Bet Cap	Dabih
7779	Kap Sgr	
7787	Kap Sgr	
7789	25 Vul	
7790	Alp Pav	Peacock
7792	71 Dra	
7796	Gam Cyg	Sadr
7806	39 Cyg	
7814	Pi Cap	
7821	68 Aql	
7822	Rho Cap	
7826	40 Cyg	
7828	43 Cyg	
7829	Omi Cap	
7830	Omi Cap	
7831	69 Aql	
7834	41 Cyg	
7835	42 Cyg	
7836	1 Del	
7844	Ome Cyg	
7846	Nu Mic	
7847	44 Cyg	
7848	Phi Pav	
7850	The Cep	
7851	Ome Cyg	
7852	Eps Del	
7858	Eta Del	
7859	Rho Pav	
7863	Mu Oct	
7864	Mu Oct	
7866	47 Cyg	
7869	Alp Ind	
7871	Zet Del	
7873	70 Aql	
7874	26 Vul	
7875	Phi Pav	
7879	73 Dra	
7880	27 Vul	
7881	Ups Pav	
7882	Bet Del	
7883	Iot Del	
7884	71 Aql	
7885	48 Cyg	
7889	Tau Cap	
7891	29 Vul	
7892	The Del	
7894	28 Vul	
7896	Kap Del	
7897	1 Aqr	
7900	Ups Cap	
7901	75 Dra	
7906	Alp Del	
7908	74 Dra	
7913	Bet Pav	
7918	10 Del	
7920	Eta Ind	
7921	49 Cyg	
7924	Alp Cyg	Deneb
7928	Del Del	
7929	51 Cyg	
7934	Sig Pav	
7936	Psi Cap	
7937	17 Cap	
7939	30 Vul	
7942	52 Cyg	
7943	Iot Mic	
7945	4 Cep	
7947	Gam Del	
7948	Gam Del	
7949	Eps Cyg	Gienah
7950	Eps Aqr	
7951	3 Aqr	
7952	Zet Ind	
7953	13 Del	
7957	Eta Cep	
7963	Lam Cyg	
7965	Alp Mic	
7968	Iot Ind	
7973	15 Del	
7974	14 Del	
7977	55 Cyg	
7979	Bet Mic	
7980	Ome Cap	
7982	4 Aqr	
7984	56 Cyg	
7985	5 Aqr	
7986	Bet Ind	
7990	Mu Aqr	
7995	31 Vul	
8000	19 Cap	
8001	57 Cyg	
8002	76 Dra	
8008	32 Vul	
8011	17 Del	
8012	16 Del	
8015	7 Aqr	
8021	Alp Oct	
8028	Nu Cyg	
8030	18 Del	
8032	33 Vul	
8033	20 Cap	
8034	Eps Equ	
8039	Gam Mic	
8041	11 Aqr	
8047	59 Cyg	
8048	Zet Mic	
8053	60 Cyg	
8055	Mu Ind	
8058	12 Aqr	
8059	12 Aqr	
8060	Eta Cap	
8066	3 Equ	
8069	Eta Mic	
8070	Del Mic	
8075	The Cap	
8077	4 Equ	
8079	Xi Cyg	
8080	24 Cap	
8085	61 Cyg	
8086	61 Cyg	
8087	Chi Cap	
8089	63 Cyg	
8091	27 Cap	
8092	Omi Pav	
8093	Nu Aqr	
8097	Gam Equ	
8098	6 Equ	
8115	Zet Cyg	
8123	Del Equ	
8127	Phi Cap	
8128	29 Cap	
8130	Tau Cyg	
8131	Alp Equ	
8135	Eps Mic	
8137	30 Cap	
8139	31 Cap	
8140	The Ind	
8141	15 Aqr	
8143	Sig Cyg	
8146	Ups Cyg	
8151	The Mic	
8154	68 Cyg	
8160	16 Aqr	
8162	Alp Cep	Alderamin
8163	9 Equ	
8167	Iot Cap	
8171	6 Cep	
8173	1 Peg	
8175	17 Aqr	
8178	Bet Equ	
8180	The Mic	
8181	Gam Pav	
8183	33 Cap	
8187	18 Aqr	
8188	Gam Ind	
8192	20 Aqr	
8195	19 Aqr	
8199	21 Aqr	
8204	Zet Cap	
8207	35 Cap	
8209	69 Cyg	
8213	36 Cap	
8214	5 PsA	
8215	70 Cyg	
8217	35 Vul	
8225	2 Peg	
8227	7 Cep	
8228	71 Cyg	
8229	Xi Gru	
8230	6 PsA	
8232	Bet Aqr	Sadalsuud
8238	Bet Cep	
8245	37 Cap	
8252	Rho Cyg	
8253	8 PsA	
8254	Nu Oct	
8255	72 Cyg	
8256	7 PsA	
8260	Eps Cap	
8264	Xi Aqr	
8265	3 Peg	
8266	74 Cyg	
8267	5 Peg	
8270	4 Peg	
8277	25 Aqr	
8278	Gam Cap	
8279	9 Cep	
8280	Lam Oct	
8283	42 Cap	
8284	75 Cyg	
8285	41 Cap	
8287	26 Aqr	
8288	Kap Cap	
8289	7 Peg	
8291	76 Cyg	
8295	44 Cap	
8296	VA 876	
8300	77 Cyg	
8301	Pi Cyg	
8302	45 Cap	
8305	Iot PsA	
8307	79 Cyg	
8308	Eps Peg	Enif
8309	Mu Cyg	
8310	Mu Cyg	
8311	46 Cap	
8313	9 Peg	
8315	Kap Peg	
8316	Mu Cep	
8317	11 Cep	
8318	47 Cap	
8319	Lam Cap	
8321	12 Peg	
8322	Del Cap	
8326	The PsA	
8328	11 Peg	
8333	Omi Ind	
8334	Nu Cep	
8335	Pi Cyg	
8339	12 Cep	
8343	14 Peg	
8344	13 Peg	
8351	Mu Cap	
8353	Gam Gru	
8354	15 Peg	
8356	16 Peg	
8362	Pi Ind	
8368	Del Ind	
8369	Kap Ind	
8371	13 Cep	
8373	17 Peg	
8385	18 Peg	
8386	Eta PsA	
8387	Eps Ind	
8390	28 Aqr	
8392	20 Peg	
8393	19 Peg	
8396	29 Aqr	
8400	16 Cep	
8401	30 Aqr	
8402	Omi Aqr	
8404	21 Peg	
8405	13 PsA	
8406	14 Cep	
8409	Kap Ind	
8410	32 Aqr	
8411	Lam Gru	
8413	Nu Peg	
8414	Alp Aqr	Sadalmelik
8416	18 Cep	
8417	Xi Cep	
8418	Iot Aqr	
8419	23 Peg	
8425	Alp Gru	Alnair
8426	20 Cep	
8428	19 Cep	
8430	Iot Peg	
8431	Mu PsA	
8433	Ups PsA	
8438	25 Peg	
8439	35 Aqr	
8447	Tau PsA	
8449	Pi Peg	
8450	The Peg	
8452	38 Aqr	
8454	Pi Peg	
8459	28 Peg	
8462	39 Aqr	
8465	Zet Cep	
8468	24 Cep	
8469	Lam Cep	
8471	Psi Oct	
8478	Lam PsA	
8480	41 Aqr	
8481	Eps Oct	
8486	Mu Gru	
8488	Mu Gru	
8494	Eps Cep	
8496	42 Aqr	
8498	1 Lac	
8499	The Aqr	
8502	Alp Tuc	
8504	44 Aqr	
8505	Ups Oct	
8508	45 Aqr	
8511	25 Cep	
8512	Rho Aqr	
8513	30 Peg	
8515	Nu Ind	
8516	47 Aqr	
8518	Gam Aqr	
8520	31 Peg	
8521	Pi Gru	
8522	32 Peg	
8523	2 Lac	
8524	Pi Gru	
8529	49 Aqr	
8532	33 Peg	
8533	51 Aqr	
8534	50 Aqr	
8538	Bet Lac	
8539	Pi Aqr	
8540	Del Tuc	
8541	4 Lac	
8544	53 Aqr	
8545	53 Aqr	
8548	34 Peg	
8551	35 Peg	
8552	Nu Gru	
8556	Del Gru	
8558	Zet Aqr	
8559	Zet Aqr	
8560	Del Gru	
8561	26 Cep	
8562	36 Peg	
8566	37 Peg	
8567	56 Aqr	
8570	Zet PsA	
8571	Del Cep	
8572	5 Lac	
8573	Sig Aqr	
8574	38 Peg	
8576	Bet PsA	
8578	Rho Cep	
8579	6 Lac	
8582	Nu Tuc	
8583	58 Aqr	
8585	Alp Lac	
8586	39 Peg	
8590	60 Aqr	
8591	Rho Cep	
8592	Ups Aqr	
8597	Eta Aqr	
8600	Sig Gru	
8602	Sig Gru	
8603	8 Lac	
8610	Kap Aqr	
8613	9 Lac	
8615	31 Cep	
8618	40 Peg	
8622	10 Lac	
8624	41 Peg	
8627	30 Cep	
8628	Eps PsA	
8630	Bet Oct	
8632	11 Lac	
8634	Zet Peg	
8636	Bet Gru	
8637	19 PsA	
8640	12 Lac	
8641	Omi Peg	
8644	Rho Gru	
8647	67 Aqr	
8649	66 Aqr	
8650	Eta Peg	
8655	Eta Gru	
8656	13 Lac	
8660	45 Peg	
8663	Xi Oct	
8665	Xi Peg	
8667	Lam Peg	
8670	68 Aqr	
8673	Tau Aqr	
8675	Eps Gru	
8676	70 Aqr	
8679	Tau Aqr	
8684	Mu Peg	
8690	14 Lac	
8693	21 PsA	
8694	Iot Cep	
8695	Gam PsA	
8697	Sig Peg	
8698	Lam Aqr	
8699	15 Lac	
8700	Tau Gru	
8701	Rho Ind	
8704	74 Aqr	
8709	Del Aqr	
8710	78 Aqr	
8711	77 Aqr	
8715	1 Psc	
8717	Rho Peg	
8720	Del PsA	
8722	Tau Gru	
8725	16 Lac	
8728	Alp PsA	Fomalhaut
8729	51 Peg	
8739	52 Peg	
8742	2 Psc	
8747	Zet Gru	
8750	3 Psc	
8757	81 Aqr	
8762	Omi And	
8763	82 Aqr	
8766	2 And	
8767	Pi PsA	
8773	Bet Psc	
8774	Kap Gru	
8775	Bet Peg	Scheat
8780	3 And	
8781	Alp Peg	Markab
8782	83 Aqr	
8787	The Gru	
8789	86 Aqr	
8790	Ups Gru	
8795	55 Peg	
8796	56 Peg	
8797	1 Cas	
8804	4 And	
8805	5 And	
8807	5 Psc	
8812	88 Aqr	
8815	57 Peg	
8817	89 Aqr	
8819	Pi Cep	
8820	Iot Gru	
8821	58 Peg	
8822	2 Cas	
8825	6 And	
8826	59 Peg	
8827	60 Peg	
8830	7 And	
8834	Phi Aqr	
8841	Psi Aqr	
8842	61 Peg	
8848	Gam Tuc	
8850	Chi Aqr	
8852	Gam Psc	
8858	Psi Aqr	
8859	Phi Gru	
8860	8 And	
8862	Tau Oct	
8863	Gam Scl	
8864	9 And	
8865	Psi Aqr	
8866	94 Aqr	
8868	96 Aqr	
8872	Omi Cep	
8874	11 And	
8876	10 And	
8878	7 Psc	
8880	Tau Peg	
8882	63 Peg	
8885	12 And	
8887	64 Peg	
8890	97 Aqr	
8891	65 Peg	
8892	98 Aqr	
8893	66 Peg	
8903	67 Peg	
8904	4 Cas	
8905	Ups Peg	
8906	99 Aqr	
8907	Omi Gru	
8911	Kap Psc	
8912	9 Psc	
8913	13 And	
8915	69 Peg	
8916	The Psc	
8923	70 Peg	
8930	14 And	
8932	100 Aqr	
8934	13 Psc	
8937	Bet Scl	
8939	101 Aqr	
8940	71 Peg	
8943	72 Peg	
8944	14 Psc	
8947	15 And	
8948	73 Peg	
8949	Iot Phe	
8954	16 Psc	
8960	74 Peg	
8961	Lam And	
8963	75 Peg	
8965	Iot And	
8966	The Phe	
8967	18 And	
8968	Ome Aqr	
8969	Iot Psc	
8974	Gam Cep	
8975	Mu Scl	
8976	Kap And	
8980	103 Aqr	
8982	104 Aqr	
8984	Lam Psc	
8988	Ome Aqr	
8991	77 Peg	
8997	78 Peg	
8998	106 Aqr	
9002	107 Aqr	
9003	Psi And	
9004	19 Psc	
9006	Sig Phe	
9008	Tau Cas	
9012	20 Psc	
9016	Del Scl	
9018	6 Cas	
9022	21 Psc	
9025	79 Peg	
9030	80 Peg	
9031	108 Aqr	
9032	Gam Oct	
9033	22 Psc	
9036	Phi Peg	
9039	82 Peg	
9041	24 Psc	
9042	25 Psc	
9045	Rho Cas	
9048	26 Psc	
9061	Gam Oct	
9062	Eta Tuc	
9064	Psi Peg	
9065	1 Cet	
9067	27 Psc	
9069	Pi Phe	
9071	Sig Cas	
9072	Ome Psc	
9076	Eps Tuc	
9081	Tau Phe	
9084	The Oct	
9087	29 Psc	
9088	85 Peg	
9089	30 Psc	
9091	Zet Scl	
9092	31 Psc	
9093	32 Psc	
9098	2 Cet	
9100	9 Cas	
9103	3 Cet	
